Video_Title,Duration,Views,Likes,Comments,Published_Date
ISMO | Smartest Animal,00:01:19,216756,6300,179,2025-10-07
ISMO | I Love Sausages,00:00:33,160453,2570,75,2025-10-05
ISMO | #1 Sauna,00:01:45,515272,14468,610,2025-10-02
ISMO | Accent Coach,00:01:40,415660,9262,154,2025-10-01
ISMO | Dumbest Campaigns,00:01:52,1214699,26242,381,2025-09-29
ISMO | Inches Matter,00:01:05,175460,3321,99,2025-09-25
ISMO | Sweden vs Finland,00:01:04,316680,7024,248,2025-09-23
ISMO | Boarding Sucks,00:01:57,296541,8812,243,2025-09-19
ISMO | What's Up ü§Ø,00:01:02,307834,7541,141,2025-09-18
ISMO | Glory Hole,00:01:48,364388,10662,437,2025-09-17
ISMO | Eating Animals,00:01:01,256442,6680,137,2025-09-16
ISMO | Women Are Complicated,00:00:50,316619,7035,123,2025-09-13
ISMO | SISU,00:01:11,61296,2279,133,2025-09-12
ISMO | The Best Names,00:00:49,111080,2125,74,2025-09-09
ISMO | Why Fly Redeye?!,00:00:52,139048,2641,36,2025-09-08
A broken back can‚Äôt break my spirit! Get ready for some sit-down comedy!,00:02:48,29792,818,72,2025-09-08
ISMO | Baiting Vegans,00:01:45,313815,5933,153,2025-09-07
BREAKING NEWS: I broke my back!,00:01:04,91452,2603,393,2025-09-05
ISMO | Can I Get Some Creammm?,00:01:21,237032,4365,139,2025-09-04
ISMO | Am I Going To War,00:01:28,687233,15078,181,2025-09-02
ISMO | I said I have a cough,00:01:10,536290,10426,149,2025-08-28
ISMO | Tip of The Assberg,00:01:32,336023,7539,133,2025-08-25
ISMO | Lying,00:01:38,423387,8109,112,2025-08-22
ISMO | No Lying at the Airport,00:02:45,110199,2514,53,2025-08-22
ISMO | Finger Licking Good,00:02:03,57179,2694,60,2025-08-19
ISMO | Half of Finland is Here,00:01:08,197755,3378,53,2025-08-06
ISMO | America You Don't Have To Worry,00:00:39,196297,2885,129,2025-08-05
ISMO | Uber Eats,00:00:44,140205,2114,39,2025-07-30
ISMO | Its a Tragediegh,00:00:49,213698,3341,73,2025-05-23
ISMO | Babies and Kids,00:02:51,53699,1221,74,2025-05-21
ISMO | That's a Big Baby,00:01:05,264445,3778,37,2025-05-21
ISMO | The b is subtle,00:01:36,432853,7332,133,2025-05-20
ISMO | I Got The Message,00:00:22,257727,2037,15,2025-05-20
ISMO | Understanding How Money Works,00:04:40,144478,2701,114,2025-05-20
ISMO | I like America  #comedy #standup #standupcomedy,00:01:16,247029,4451,48,2025-05-16
ISMO | He didn't let me Finnish  #comedy #standup #standupcomedy,00:00:53,592219,8529,130,2025-05-14
ISMO | The hardest English word  #standupcomedy #comedy #standup,00:01:08,422589,8035,185,2025-05-14
ISMO | Understanding America,00:04:00,209422,4804,190,2025-05-13
ISMO | Live and learn  #funnystandup #standup #standupcomedy,00:00:36,144924,1799,15,2025-04-19
ISMO | Man's smelliest friend  #funnystandup #standup #standupcomedy,00:00:53,183668,2748,36,2025-04-18
ISMO | Bow wow  #funnystandup #standup #standupcomedy #comedy,00:01:34,360602,6983,99,2025-04-17
ISMO | The world debt #funnystandup #standup #comedy #standupcomedy,00:00:45,156581,2345,25,2025-04-16
ISMO | Banks vs. World #funnystandup #standup #standupcomedy,00:01:29,342306,9514,197,2025-04-15
ISMO | Universal debt #funnystandup #standup #comedy #standupcomedy,00:00:26,181172,2560,55,2025-04-14
ISMO | World Debt,00:02:41,132085,2582,136,2025-04-09
ISMO | Too many products  #funnystandup #comedy #standupcomedy,00:01:05,335792,5461,65,2025-04-09
ISMO | The original moisturizing product  #funnystandup #comedy #standupcomedy,00:00:54,327493,5424,54,2025-04-08
ISMO | A man's beauty routine  #funnystandup #comedy #standupcomedy,00:00:57,463470,7324,152,2025-04-07
ISMO | RIP chivalry  #funnystandup #comedy #standupcomedy,00:00:37,129430,2658,25,2025-04-06
ISMO | Worst idea ever  #funnystandup #comedy #standupcomedy,00:00:37,199945,3661,69,2025-04-05
ISMO | Can't spell manners without man  #funnystandup #comedy #standupcomedy,00:01:07,187886,3946,27,2025-04-04
ISMO | Chivalry is Done,00:03:41,63297,2740,79,2025-04-03
"ISMO | It could really mean anything, except what it means #funnystandup #standupcomedy",00:01:17,380564,10599,151,2025-03-07
ISMO | Her's and mine #funnystandup #standupcomedy,00:01:11,256698,8328,137,2025-03-06
ISMO | It's nothing and everything #funnystandup #standupcomedy,00:01:07,763195,21689,327,2025-03-05
ISMO | Let's talk about it,00:03:55,88891,3700,99,2025-03-04
ISMO | good thing there's more options #funnystandup #standupcomedy #standupcomedian,00:00:18,201184,2276,31,2025-02-21
ISMO | save this for future use #standupfeaturing #funnystandup #standupcomedian #standupcomedy,00:01:42,279612,6250,139,2025-02-19
ISMO | Back in my day  #funnystandup #standupfeaturing #standupcomedynight #standupcomedy,00:00:57,571468,10084,102,2025-02-18
ISMO |  Throwback Thermometer,00:03:27,89531,2217,63,2025-02-17
ISMO | I got robbed  #standupcomedy #funnystandup #standupcomedian #standups #comedy,00:01:02,934545,23843,197,2025-02-14
ISMO | Elliptical  #standupcomedy #standups #funnystandup #standupcomedynight #standupcomedian,00:00:59,327952,8134,57,2025-02-12
ISMO | Calories aren't real  #standupcomedy #standupcomedian #funnystandup #standupcomedynight,00:01:17,218310,6302,94,2025-02-11
ISMO | Working Out,00:03:51,153954,3275,92,2025-02-10
ISMO | Smart A$$ #standupcomedy #funnystandup #standupcomedian,00:00:57,1022218,25972,205,2025-02-07
ISMO | complicated words  #standupcomedy #funnystandup #standupcomedian #standups,00:01:35,626348,14440,197,2025-02-05
ISMO | Add it to Anything #newstandupcomedy #funnystandup #standupcomedy #standupcomedian,00:00:33,117209,3004,23,2025-02-04
ISMO | Complicated English Words,00:08:06,245353,5309,210,2025-02-03
ISMO |. How men see the world  #standup #comedy #funnystandup,00:01:01,157207,2611,26,2025-01-27
ISMO | World Debt  #comedy #funnystandup #standup,00:00:45,214203,4679,66,2025-01-25
ISMO | nothing makes sense  #comedy  #standupcomedy #techjokes,00:00:53,202180,6463,74,2025-01-24
ISMO | The World's Debt,00:02:54,211058,5685,199,2025-01-23
ISMO | I just don't get it...  #comedy  #standupcomedy  #timetothink,00:01:17,103920,3471,41,2025-01-22
ISMO | Let's gooooo # #comedyvideo  #comedy  #funnystandup,00:00:25,216581,5977,63,2025-01-21
ISMO | Where does the time go?  #timetothink #comedy  #funnystandup  #comedyvideo  #standupcomedy,00:00:43,269524,7706,96,2025-01-17
ISMO | What did I miss? #comedy  #standupcomedy  #funnystandup,00:01:08,536195,14575,203,2025-01-16
ISMO | I was MIA #comedy  #standupcomedy,00:00:59,333931,7952,72,2025-01-14
ISMO | Flying Through Time,00:03:16,138581,3100,96,2025-01-13
ISMO | Fish Out of Water,00:01:14,37727,721,10,2025-01-06
ISMO | American Expressions,00:03:04,118999,2235,66,2024-12-31
ISMO | Time to Think,00:01:13,39375,930,19,2024-12-30
ISMO | Some Positions,00:01:02,25510,637,6,2024-12-27
ISMO | Sleep Anywhere,00:01:47,22032,381,15,2024-12-25
ISMO | Sleeping Around,00:07:06,56338,1395,61,2024-12-24
ISMO | Finland and New Zealand  #comedyvideo,00:00:46,126798,3429,21,2024-12-23
ISMO | English is Hard for Me,00:01:19,52880,752,50,2024-12-20
ISMO | Eat Everything,00:01:45,30413,698,23,2024-12-18
ISMO | My Trip to New Zealand,00:04:32,423832,8181,219,2024-12-17
ISMO | Is This Soap?,00:01:35,29337,557,25,2024-12-16
ISMO | Take A Shower,00:00:46,73475,1835,19,2024-12-13
ISMO | A Man's Bathroom,00:01:08,15798,349,14,2024-12-11
ISMO | Sharing the Bathroom,00:04:01,34336,1054,30,2024-12-09
ISMO | Sea Sells Sea Shells? #funnystandup,00:00:56,126727,3401,39,2024-11-25
ISMO | Not The Best Business,00:01:09,57352,667,37,2024-11-22
ISMO | Sea Shore,00:01:21,11434,236,18,2024-11-18
ISMO | Sally Sells Sea Shells,00:03:47,19276,738,28,2024-11-17
ISMO | S*x Workers #comedy,00:00:34,65211,1898,23,2024-11-15
ISMO | Animal Humor,00:01:01,52482,1011,10,2024-11-13
ISMO | I Enjoy Words,00:06:44,450246,8427,252,2024-11-12
ISMO | Liiiiiiterally,00:00:52,70185,2528,18,2024-11-11
"ISMO | See Somesthing, Say Somesthing",00:01:02,28657,445,12,2024-10-25
ISMO | Group 7,00:01:43,21772,607,18,2024-10-24
ISMO | Flying Military,00:01:08,15286,565,5,2024-10-23
ISMO | Airports,00:05:01,85701,1830,42,2024-10-23
ISMO | Illogical,00:01:28,33693,1125,26,2024-10-11
ISMO | The Dog,00:01:19,20728,639,10,2024-10-09
ISMO | Family,00:01:27,15024,608,16,2024-10-09
ISMO | Family,00:05:35,227501,4205,53,2024-10-08
ISMO | Spooky Studio #funnystandup #standupcomedy #standupcomedynight,00:00:31,114780,3695,23,2024-10-07
ISMO | Time travelling,00:01:57,17072,618,28,2024-10-06
ISMO | I like juice #funnystandup #standupcomedy #standupcomedynight,00:00:32,116402,2628,28,2024-10-05
ISMO | Not Anywhere,00:03:04,86079,2740,64,2024-10-04
ISMO | Deep Ish  #funnystandup #standupcomedy #standupfeaturing,00:00:48,138878,4192,54,2024-09-27
ISMO | Spicing Things Up,00:03:12,174279,3786,85,2024-09-25
ISMO | Thermometers,00:02:05,56517,1467,57,2024-09-23
ISMO | Dating Again,00:04:18,231821,4483,117,2024-09-20
ISMO | Risky Lyrics  #funnystandup #standupcomedy #standupfeaturing #standupcomedynight #standups,00:00:47,356857,11449,108,2024-09-19
ISMO | Counting Calories,00:04:07,66120,1363,51,2024-09-18
ISMO | I Come From Finland,00:01:11,37539,888,35,2024-09-17
ISMO | Weird Questions #standupcomedy #funnystandup #standupcomedynight #standupcomedian,00:00:50,104278,3268,24,2024-09-16
ISMO | I am am not a liar  #standupfeaturing #standupcomedy #funnystandup #standupcomedian,00:00:49,106738,2496,22,2024-09-16
ISMO | Making a Mess,00:04:00,46533,1522,29,2024-09-16
ISMO | Lie?,00:01:39,35649,1313,34,2024-09-14
ISMO | American License,00:03:54,118429,2478,97,2024-09-13
ISMO | First Moved Here,00:04:01,122135,2983,87,2024-09-11
ISMO | Americans,00:03:46,275189,4708,108,2024-09-10
ISMO | I'm Straight? #standupfeaturing #comedy #funnystandup,00:00:27,122813,3265,45,2024-09-06
ISMO | Life of a Dog  #comedy #standupcomedy #funnystandup,00:00:54,180970,6460,62,2024-09-05
ISMO | Robot Takeover,00:01:24,86661,2748,53,2024-09-04
ISMO | Sounds of Love,00:02:33,71588,2147,39,2024-08-31
ISMO | Chivalry is Dead,00:01:17,32751,1158,37,2024-08-30
ISMO | His & Hers,00:03:08,140732,3415,81,2024-08-29
ISMO | Temperature,00:01:04,52279,1485,97,2024-08-28
ISMO | Tongue Twisters,00:02:52,86653,2279,41,2024-08-27
ISMO | Military Minutes,00:01:14,106444,2244,101,2024-08-16
ISMO | Comforting Words  #standupcomedian #standupshow,00:00:52,232325,6569,38,2024-08-15
ISMO | Silly Social Rules,00:01:35,101295,2463,52,2024-08-14
ISMO | Rest? Room? #standupcomedy #funnystandup #comedy #standupcomedian,00:00:53,1389184,33733,568,2024-08-02
ISMO | Well Then  #standupcomedy #comedy #funnystandup #standupcomedian,00:00:48,456732,14260,78,2024-07-31
ISMO | Waiting Game,00:01:24,94830,2000,27,2024-07-29
ISMO | Internal Medicine,00:01:24,77494,2146,60,2024-07-26
ISMO | First Dates,00:01:20,55651,1447,41,2024-07-24
ISMO | Imperial System,00:01:13,68267,1733,95,2024-07-22
ISMO | Pounds,00:01:42,307212,5287,229,2024-07-19
ISMO | Gluten Free,00:01:05,72691,1791,52,2024-07-17
ISMO | Beaty and the Beasts,00:01:20,53494,1196,36,2024-07-15
ISMO | Ten Foot Pole,00:01:25,61035,1608,81,2024-06-28
ISMO | Literally Just Jokes,00:01:16,64103,2029,35,2024-06-26
ISMO | Drinking Habits,00:01:26,246701,4580,114,2024-06-24
ISMO | Our Dreams #standupcomedy #comedy #standup #jokes,00:00:37,177278,5359,46,2024-06-24
ISMO | Information Overload,00:01:16,36839,1105,30,2024-06-21
ISMO | Childhood Dreams,00:01:09,58490,2215,59,2024-06-19
ISMO | Personal Trainer #comedy #standupcomedy #standup #jokes #funny #standupcomedian #crowdwork,00:00:29,104455,1754,23,2024-06-18
ISMO | Personal Trainer,00:01:14,83290,2173,33,2024-06-17
ISMO | Accents,00:01:10,97385,2347,60,2024-06-14
ISMO | The best place to have fun. IKEA!,00:01:22,49557,1384,54,2024-06-12
ISMO | Horror Movies  #comedy #standup,00:00:55,166986,6161,49,2024-06-10
ISMO | Big or Small?  #standupcomedy #standup,00:00:53,241644,4288,17,2024-06-08
ISMO | Big or Small Hair,00:01:01,50408,901,19,2024-06-07
ISMO | Food Obsession  #comedy #standupcomedy,00:00:45,192381,5843,78,2024-06-05
ISMO | Water Diet  #comedy #standupcomedy,00:00:55,147243,4348,37,2024-06-04
ISMO | Active Military,00:01:28,113303,2876,56,2024-05-27
ISMO | Plant Feelings,00:01:00,250853,8385,274,2024-05-24
ISMO | Clear Communication,00:01:01,57057,1158,34,2024-05-22
ISMO | Debts,00:01:04,42850,1022,28,2024-05-20
ISMO | California Weather,00:01:06,78268,1775,12,2024-05-17
ISMO | Pilates DVD #comedy #standupcomedy #standup #jokes,00:00:29,102177,2997,33,2024-05-15
ISMO | Mother's Day,00:01:29,144644,2862,58,2024-05-12
ISMO | Dating in America,00:01:00,791273,17138,293,2024-05-10
ISMO | Kids or No Kids?,00:01:33,108831,2914,80,2024-05-08
ISMO | Fine Dining,00:00:48,363737,11327,166,2024-05-06
ISMO | English Enhancer,00:00:43,253994,8516,83,2024-05-03
ISMO | No Means Yes,00:00:25,199876,7315,79,2024-05-01
ISMO | Brothers,00:00:56,335008,10325,94,2024-04-24
ISMO | Literally,00:01:13,75140,1805,78,2024-04-19
ISMO | Fish Out of Water,00:01:17,110226,2312,49,2024-04-17
ISMO | I'm Straight BUT...,00:00:25,171479,4900,93,2024-04-15
ISMO | English I'll Never Use,00:01:39,32055,1064,24,2024-04-12
ISMO | Tech,00:00:53,301720,10590,104,2024-04-10
ISMO | The News,00:00:19,161276,5196,52,2024-04-05
ISMO | Baby Names,00:00:38,168763,5083,107,2024-04-03
ISMO | Two Types of People,00:00:54,227535,6785,96,2024-04-01
ISMO | Driver's License,00:01:21,114813,1884,84,2024-03-22
ISMO | American Paperwork,00:01:24,169060,3104,131,2024-03-20
ISMO | My Best Years,00:01:17,125968,2425,57,2024-03-18
ISMO | Wishful Thinking,00:00:44,254009,8279,123,2024-03-15
ISMO | Bird Watching,00:00:53,190536,4763,67,2024-03-13
ISMO | Girls are Mean,00:01:51,295900,4408,142,2024-03-11
ISMO | Sauna,00:01:38,215376,3599,230,2024-03-08
ISMO | Pilot's License,00:01:07,151041,2251,55,2024-03-06
ISMO | Happy Place,00:01:27,213319,3660,195,2024-03-01
ISMO | Flu,00:00:36,299110,9895,123,2024-02-28
ISMO | I'm Gonna Lie,00:01:29,187872,4553,129,2024-02-26
ISMO | Dangerous to Assume,00:01:01,94106,2081,83,2024-02-24
ISMO | 1 of 4 Things,00:01:38,190221,2491,133,2024-02-23
ISMO | Thigh Gap,00:01:05,173363,2652,119,2024-02-21
ISMO | Acronyms,00:01:36,81215,1811,111,2024-02-20
ISMO | Locker Room Talk,00:00:22,208223,5003,77,2024-02-16
ISMO | Nature Calls,00:00:58,72587,2065,46,2024-02-14
ISMO | Starving in Africa,00:01:16,177836,2663,86,2024-02-12
ISMO | A Solution to Our Problems,00:01:00,340103,10520,121,2024-02-09
ISMO | Meeting Dad,00:01:32,202572,3700,107,2024-02-07
ISMO | Angry,00:00:33,282019,10584,126,2024-02-03
ISMO | Silent Letters,00:01:02,78811,1201,47,2024-02-02
ISMO | Husband of the Year,00:00:40,411916,13662,125,2024-01-29
ISMO | Favorite Words,00:00:48,246343,8925,75,2024-01-26
ISMO | Forgotten Family,00:00:37,439102,15074,149,2024-01-24
ISMO | I Have a Problem,00:00:29,451560,16344,152,2024-01-22
ISMO | Never in My Life,00:00:27,115383,2872,28,2024-01-19
ISMO | Some Ads are Good,00:01:22,133757,2430,51,2024-01-17
ISMO | Different in Finland,00:00:38,532088,18224,216,2024-01-12
ISMO | Still Loading,00:00:40,341789,11395,149,2024-01-10
ISMO | What's Wrong with Water?,00:00:29,256411,7328,93,2024-01-08
ISMO | Language is Weird,00:00:32,457252,13457,115,2024-01-04
ISMO | Fish Out of Water,00:01:11,196349,3605,91,2024-01-02
ISMO | True Killer,00:00:52,346558,13610,135,2023-12-29
ISMO | On A Leash,00:00:56,412671,14239,157,2023-12-28
ISMO | One Word I Can't Say,00:00:39,544538,12993,245,2023-12-26
ISMO | Dolphins,00:01:10,77185,2114,42,2023-12-22
ISMO | I'm Still Learning,00:00:14,316275,7989,51,2023-12-20
ISMO | Splash Zone Comedy,00:01:01,82932,1398,54,2023-12-13
ISMO | Brothers,00:00:43,765414,24480,293,2023-12-11
ISMO | Not Norway,00:00:46,562630,15103,226,2023-12-08
ISMO | The Law is the Law,00:00:52,1748742,38968,339,2023-12-04
ISMO | Clinically Proven,00:01:03,167574,3273,45,2023-11-29
ISMO | His and Hers,00:01:06,142688,2608,95,2023-11-25
ISMO | Active Military,00:01:28,153212,3478,108,2023-11-22
ISMO | Life Lessons,00:01:18,118990,3029,92,2023-11-21
ISMO | I Saw The Sign,00:00:57,423506,13032,126,2023-11-17
ISMO | Just a Regular American Guy,00:01:04,276446,5644,150,2023-11-14
ISMO | Pounds vs Pounds #uk #comedy,00:01:23,165446,4039,115,2023-11-09
ISMO | Water Priviledge,00:00:59,1582527,30277,278,2023-11-07
ISMO | Compliments,00:02:05,187605,3506,117,2023-11-03
ISMO | A Land of Mystery,00:00:57,2850635,80706,2136,2023-11-01
ISMO | Whale,00:01:34,138955,3118,50,2023-10-23
ISMO | Military Time,00:01:15,234741,4147,160,2023-10-18
ISMO | Sweden vs. Finland,00:01:06,274895,3272,302,2023-10-16
ISMO | Dating is Different,00:00:46,700281,21536,324,2023-10-13
ISMO | Uh Oh,00:00:58,1166820,42194,270,2023-10-11
ISMO | Birth Controlling,00:00:39,586766,22857,261,2023-10-09
ISMO | Hungry Humanitarian,00:01:01,137573,2992,69,2023-10-04
ISMO | S*x Before Marriage,00:01:02,106107,2230,79,2023-09-29
ISMO | Deep Ish,00:00:48,487154,15068,166,2023-09-27
ISMO | The Perfect Medicine,00:00:32,458166,19810,103,2023-09-25
ISMO | S*x Sound,00:01:21,167019,2521,62,2023-09-22
ISMO | It Has to be Funny,00:00:45,157046,3548,74,2023-09-20
ISMO | Coffee Talk,00:00:46,523409,16354,381,2023-09-18
ISMO | Pick a Side,00:00:31,456353,18879,275,2023-09-18
ISMO | Not Fair,00:00:16,480907,13253,120,2023-09-13
ISMO | Silently Stupid,00:00:52,836518,28321,280,2023-09-11
ISMO | Boarding Rules,00:00:23,545605,11558,147,2023-09-08
ISMO | Excited Mail,00:00:54,1061699,32445,272,2023-09-06
ISMO | Tipping,00:00:24,527800,19907,543,2023-09-04
ISMO | I ‚ò†Ô∏è a Man,00:00:57,2135250,66020,623,2023-09-01
ISMO | Airplane Anxiety,00:00:51,683548,18964,205,2023-08-30
ISMO | Kilo vs Mile,00:01:01,175598,3149,266,2023-08-29
ISMO | Man on The Moon,00:01:03,126285,3480,105,2023-08-25
ISMO | Acronym Abuse,00:01:29,203543,3447,227,2023-08-23
ISMO | Moist,00:00:43,233642,6325,66,2023-08-21
ISMO | I Don't Know Ish,00:01:00,1023826,42896,584,2023-08-18
ISMO | My Accent,00:00:46,1613108,53667,672,2023-08-17
ISMO | My Family Thanks You,00:01:29,327095,5056,115,2023-08-14
ISMO | Cookies,00:00:35,349049,12437,107,2023-08-11
ISMO | Brave Balls,00:01:13,162939,3318,62,2023-08-10
ISMO | I Don't Wear Ties,00:00:24,455546,15810,123,2023-08-09
ISMO | ENT Doctor,00:01:47,269211,4411,152,2023-08-04
ISMO | Too Fly to Drive,00:00:51,1101364,25286,185,2023-08-02
ISMO | 100%,00:00:58,1334326,41979,319,2023-07-31
ISMO | Day Off,00:01:02,171293,2804,72,2023-07-28
ISMO | Scary Proof,00:00:34,368868,13768,74,2023-07-26
ISMO | Modern Medicine Strikes Again,00:01:03,160858,2417,61,2023-07-24
ISMO | Local Pride,00:00:37,653818,21102,178,2023-07-21
ISMO | WTF USA,00:00:39,247767,8080,73,2023-07-19
ISMO | Drinking Water,00:00:21,281266,5261,29,2023-07-17
ISMO | Language,00:00:57,2180410,55678,606,2023-07-14
"So, what's up?",00:00:46,1148129,44855,631,2023-07-12
Dog Farts,00:00:50,184908,5087,67,2023-07-11
ISMO | When Chivalry Backfires,00:01:00,664040,24022,231,2023-03-28
ISMO | Batshit v Apeshit,00:00:50,492137,16402,189,2023-03-22
ISMO | Brothers,00:00:49,364114,9717,146,2023-01-19
ISMO | Dog Farts,00:00:50,268505,6296,78,2023-01-13
ISMO | The Word Ass,00:00:58,184460,5302,52,2023-01-06
ISMO | Counting Calories,00:01:00,2132135,41945,490,2022-12-29
ISMO | To Be Or Not To Be,00:00:58,5872907,170190,2580,2022-12-29
Who Do Vegans Always,00:00:44,1415117,48112,683,2022-12-28
ISMO | Literally,00:00:59,771329,24496,177,2022-08-19
ISMO | Fast Cars,00:00:52,685388,20098,138,2022-08-15
ISMO | Drink Water,00:00:21,162787,3134,13,2022-08-12
ISMO | I'm Down,00:00:25,699362,19906,142,2022-08-10
ISMO | Slots,00:00:51,216847,6252,68,2022-08-08
ISMO | Polite Heckle,00:00:39,649760,13181,161,2022-08-05
ISMO | Wooing Women,00:00:50,526052,15490,205,2022-08-03
ISMO | Back To Bed,00:00:58,114368,3258,14,2022-08-01
ISMO | The Gym,00:00:56,435214,9418,86,2022-07-29
ISMO | Cookies,00:00:35,151019,4622,38,2022-07-25
ISMO | Fake Finland,00:00:52,832129,29891,391,2022-07-22
ISMO | Small Talk,00:00:36,929424,30011,378,2022-07-19
ISMO | Scary Studio,00:00:31,400247,11379,54,2022-07-15
ISMO | Insomnia,00:01:02,171485,3052,57,2022-07-13
ISMO | Expired Water,00:00:26,136023,4358,51,2022-07-11
ISMO | Super Excited,00:00:44,663974,17642,84,2022-07-06
ISMO | Day Off,00:01:02,206826,3617,59,2022-07-05
ISMO | Real Gentleman,00:01:00,269274,9236,57,2022-07-01
ISMO | Big Mouth,00:00:50,452607,12507,76,2022-06-29
ISMO | Sleeping Around,00:07:13,2959669,37281,1099,2022-06-28
ISMO | Beauty Routine,00:00:20,263825,7731,71,2022-06-27
ISMO | American French,00:00:31,831369,23514,389,2022-06-22
ISMO | Dolphin World,00:00:47,308416,10990,118,2022-06-21
ISMO | Compliments,00:02:05,564473,8740,199,2022-06-06
ISMO | SIR,00:00:59,3166697,91743,811,2022-05-31
ISMO's Words | ONEDERFUL,00:02:35,375633,8350,454,2021-06-05
ISMO | Passiivinen Kansa,00:05:50,1009565,8159,365,2021-05-15
ISMO | Finnit,00:01:52,189507,1787,56,2021-05-15
ISMO | Vasemmalla k√§dell√§,00:02:09,340386,2601,74,2021-05-15
ISMO | Taloustieteen perusteet,00:02:39,408213,3876,116,2021-04-22
ISMO | Posetiivari,00:02:30,196770,2000,45,2021-04-22
ISMO | Kun k√§yt y√∂ll√§ kusella,00:01:51,315008,3087,90,2021-04-22
ISMO | Pharmaceutical Commercials,00:03:33,1703627,27635,691,2021-04-11
ISMO | Dueling Authors - Writing a book with my wife,00:01:08,22605,483,27,2021-04-02
"ISMO | Nelj√§ k√§tt√§, yksi kirja",00:01:24,18702,389,27,2021-03-31
ISMO | Laihtuminen vs. Lihominen,00:02:09,313713,2514,68,2021-03-21
ISMO | Mist√§ vauvat tulee,00:01:51,179092,1540,34,2021-03-21
ISMO | Maksullinen WC,00:01:15,277593,2649,73,2021-03-21
"ISMO | KIRJA, p√§tk√§ #2: Mielipiteist√§",00:05:10,26341,556,67,2021-03-12
"ISMO | KIRJA, p√§tk√§ #1: Kateudesta",00:05:10,48917,865,148,2021-03-11
ISMO | Man On The Moon,00:02:18,1412250,22358,576,2021-03-06
ISMO | The Best Thing About Sex,00:01:47,908671,14424,255,2021-02-24
ISMO | Oma nimi historian kirjoihin,00:05:53,547742,4182,195,2021-02-10
ISMO | Iso muna on turha,00:04:01,666108,5212,162,2021-02-10
ISMO | Aina nyt yhden voi ottaa,00:03:09,777815,6161,143,2021-02-10
ISMO | The Word ASS (new & extended version),00:08:06,3376938,60222,2293,2020-05-29
"ISMO | ""Corona Crappaper Revival"" (CCR Parody)",00:03:13,529888,7469,323,2020-05-09
ISMO | How to Make Toilet Paper (Life Hack),00:03:02,257221,4598,422,2020-04-17
ISMO | Hissipuhe,00:01:23,244640,1702,64,2020-04-03
ISMO | Lis√§√§ vain i,00:03:05,631134,4609,157,2020-04-03
ISMO | Ja nimi oli...,00:04:04,997356,6949,229,2020-04-03
"ISMO | Parisuhde, osa 2",00:09:36,1032837,6209,205,2020-04-03
ISMO | Bless You,00:02:08,844878,12023,297,2020-03-24
ISMO | Flying Through Time,00:03:16,1109817,19918,559,2020-02-19
ISMO | Throwback Thermometer,00:03:27,812778,12333,317,2020-01-29
ISMO | Taloyhti√∂,00:03:23,1038974,8043,294,2019-11-07
ISMO | Mr. (UN)Clean,00:02:35,876253,15096,287,2019-10-26
ISMO | Burning Calories,00:04:14,1414775,21462,450,2019-08-15
ISMO | SUPER EXCITED,00:03:46,1500594,26327,798,2019-07-16
ISMO | She Sells Sea Shells,00:04:10,1042986,16728,552,2019-06-28
ISMO | Sharing the Bathroom,00:04:01,1789686,23487,447,2019-04-11
ISMO | To B or Not to B,00:01:44,913799,12589,328,2019-01-26
ISMO | Englantia suomalaisella suulla,00:02:59,876825,6168,171,2019-01-11
ISMO | Kampanja toimii Suomessakin,00:01:16,297894,1236,21,2019-01-11
ISMO | Pid√§ ittes miehen√§,00:03:03,850166,5670,183,2019-01-11
ISMO | Tasa-Arvo-Henkil√∂,00:03:30,873228,5865,250,2019-01-11
ISMO | Bokserit,00:02:04,469091,3526,46,2019-01-11
ISMO | Tietokone on yst√§v√§,00:04:01,928271,5793,222,2019-01-11
ISMO | Chivalry is Dead,00:03:41,906642,16929,378,2018-12-15
ISMO | My Trip to New Zealand (Comedy Gala TV Appearance),00:04:32,751255,9168,203,2018-11-17
ISMO | Parisuhde,00:10:20,3023778,13722,322,2018-11-03
ISMO | MOOTTORITIE ON KESKEN,00:04:51,497742,3879,107,2018-10-21
ISMO | Dog Farts,00:02:12,537111,6832,124,2018-10-09
ISMO | Rock ennen ja nyt,00:03:28,197788,1593,76,2018-10-03
ISMO | Superman?,00:02:26,429942,7929,122,2018-09-11
ISMO | The Silent Struggle (with English),00:01:45,589230,6916,196,2018-07-18
ISMO | Putte Possu ja Sadut,00:07:29,242466,1624,60,2018-07-12
ISMO | Paloittelusurma,00:04:06,347601,2463,119,2018-07-12
ISMO | Kaikkien biisien kertosaÃàe - Emma-gaala,00:04:03,155645,1472,45,2018-07-12
ISMO | Kristinusko,00:03:23,243627,1623,75,2018-07-12
ISMO | Joku Keksi Persepanon,00:03:22,175530,1940,53,2018-07-12
ISMO | Pendolino,00:04:51,100791,955,23,2018-07-12
ISMO | Englanti On Kehitysmaa,00:02:57,251161,1980,54,2018-07-12
ISMO | Lukeminen,00:04:34,356940,2556,78,2018-07-12
ISMO | The EARTHworm,00:01:26,585075,11559,207,2018-05-09
ISMO | I ‚ù§Ô∏è Vegans,00:02:19,1968453,34637,847,2018-04-05
ISMO | Interview on Finnish TV,00:03:12,139580,1405,34,2018-02-28
ISMO | I Didn't Know Sh*t üí©üí©üí©,00:03:55,4288019,76558,1773,2018-02-24
ISMO | Why Dolphins Are So Frustrated,00:03:01,1111986,14163,208,2018-02-02
"ISMO | The Blue Whale, Earth Worm & Beer Incident",00:03:06,811378,8994,144,2018-01-22
ISMO | Oravannahkat,00:01:56,401701,2064,47,2016-12-18
ISMO | NO NIIN - Suomen t√§rkein sana,00:04:44,3096172,23943,660,2016-11-26
ISMO | Timppa saunoo,00:05:59,4117888,23559,1157,2016-05-24
ISMO | Vanhoja lehti√§ - (DVD 2015),00:01:21,323230,1351,34,2015-11-29
ISMO & Muusikot | Raksamies,00:02:17,2362900,7682,178,2015-08-17
ISMO | Joulupukki ja Hammaskeiju,00:02:55,725366,3757,70,2015-05-25
ISMO | Hieman homoista,00:03:51,2463526,11869,376,2015-05-21
ISMO | Pieni kysymys,00:01:57,799712,2684,53,2015-05-19
ISMO | N√§in tehtiin Id√§n uhka video.,00:00:54,16549,93,1,2014-08-26
ISMO | Postista Itella  - (2008),00:02:49,651921,2243,46,2014-08-26
ISMO | Ismo luki lehtee - Id√§n uhka,00:00:47,42357,425,11,2014-08-08
ISMO | Ekologista sodankaÃàyntiaÃà,00:01:55,820598,3955,16,2014-03-07
ISMO | Armeija,00:02:04,1796199,6965,124,2013-11-22
ISMO | Solving World Hunger,00:01:20,252817,2322,17,2013-06-26
ISMO | Maapallo - Finnish TV 2004,00:04:18,333459,1380,80,2013-05-27
ISMO | Ilmaveivi,00:01:06,625659,1318,50,2013-05-17
ISMO | Ranskalaiset,00:01:48,1242934,4891,117,2012-12-19
ISMO | Tantraseksi,00:01:08,296030,599,8,2012-12-19
ISMO | Uutiset,00:03:12,132894,1305,48,2011-04-05
ISMO | The World's Debt,00:02:54,714553,8441,200,2011-02-10
ISMO | Velka,00:02:40,1044411,2436,88,2010-08-17
ISMO | The Price of Petrol,00:02:42,408162,2168,88,2008-03-10
